rouge1,rouge2,rougeL,rougeLsum
0.03332448586296638,0.0,0.03292043341073621,0.03304934205053181
